"http://economictimes.indiatimes.com/archivelist/year-2015,month-8,starttime-42242.cms"
"http://economictimes.indiatimes.com/archivelist/year-2015,month-8,starttime-42243.cms"
"http://economictimes.indiatimes.com/archivelist/year-2015,month-8,starttime-42244.cms"
"http://economictimes.indiatimes.com/archivelist/year-2015,month-8,starttime-42245.cms"
"http://economictimes.indiatimes.com/archivelist/year-2015,month-8,starttime-42246.cms"
"http://economictimes.indiatimes.com/archivelist/year-2015,month-8,starttime-42247.cms"
"http://economictimes.indiatimes.com/archivelist/year-2015,month-9,starttime-42248.cms"
"http://economictimes.indiatimes.com/archivelist/year-2015,month-9,starttime-42249.cms"
"http://economictimes.indiatimes.com/archivelist/year-2015,month-9,starttime-42250.cms"
"http://economictimes.indiatimes.com/archivelist/year-2015,month-9,starttime-42251.cms"
"http://economictimes.indiatimes.com/archivelist/year-2015,month-9,starttime-42252.cms"
"http://economictimes.indiatimes.com/archivelist/year-2015,month-9,starttime-42253.cms"
"http://economictimes.indiatimes.com/archivelist/year-2015,month-9,starttime-42254.cms"
"http://economictimes.indiatimes.com/archivelist/year-2015,month-9,starttime-42255.cms"
"http://economictimes.indiatimes.com/archivelist/year-2015,month-9,starttime-42256.cms"
"http://economictimes.indiatimes.com/archivelist/year-2015,month-9,starttime-42257.cms"
"http://economictimes.indiatimes.com/archivelist/year-2015,month-9,starttime-42258.cms"
"http://economictimes.indiatimes.com/archivelist/year-2015,month-9,starttime-42259.cms"
"http://economictimes.indiatimes.com/archivelist/year-2015,month-9,starttime-42260.cms"
"http://economictimes.indiatimes.com/archivelist/year-2015,month-9,starttime-42261.cms"
"http://economictimes.indiatimes.com/archivelist/year-2015,month-9,starttime-42262.cms"
"http://economictimes.indiatimes.com/archivelist/year-2015,month-9,starttime-42263.cms"
"http://economictimes.indiatimes.com/archivelist/year-2015,month-9,starttime-42264.cms"
"http://economictimes.indiatimes.com/archivelist/year-2015,month-9,starttime-42265.cms"
"http://economictimes.indiatimes.com/archivelist/year-2015,month-9,starttime-42266.cms"
"http://economictimes.indiatimes.com/archivelist/year-2015,month-9,starttime-42267.cms"
"http://economictimes.indiatimes.com/archivelist/year-2015,month-9,starttime-42268.cms"
"http://economictimes.indiatimes.com/archivelist/year-2015,month-9,starttime-42269.cms"
"http://economictimes.indiatimes.com/archivelist/year-2015,month-9,starttime-42270.cms"
"http://economictimes.indiatimes.com/archivelist/year-2015,month-9,starttime-42271.cms"
"http://economictimes.indiatimes.com/archivelist/year-2015,month-9,starttime-42272.cms"
"http://economictimes.indiatimes.com/archivelist/year-2015,month-9,starttime-42273.cms"
"http://economictimes.indiatimes.com/archivelist/year-2015,month-9,starttime-42274.cms"
"http://economictimes.indiatimes.com/archivelist/year-2015,month-9,starttime-42275.cms"
"http://economictimes.indiatimes.com/archivelist/year-2015,month-9,starttime-42276.cms"
"http://economictimes.indiatimes.com/archivelist/year-2015,month-9,starttime-42277.cms"
"http://economictimes.indiatimes.com/archivelist/year-2015,month-10,starttime-42278.cms"
"http://economictimes.indiatimes.com/archivelist/year-2015,month-10,starttime-42279.cms"
"http://economictimes.indiatimes.com/archivelist/year-2015,month-10,starttime-42280.cms"
"http://economictimes.indiatimes.com/archivelist/year-2015,month-10,starttime-42281.cms"
"http://economictimes.indiatimes.com/archivelist/year-2015,month-10,starttime-42282.cms"
"http://economictimes.indiatimes.com/archivelist/year-2015,month-10,starttime-42283.cms"
"http://economictimes.indiatimes.com/archivelist/year-2015,month-10,starttime-42284.cms"
"http://economictimes.indiatimes.com/archivelist/year-2015,month-10,starttime-42285.cms"
"http://economictimes.indiatimes.com/archivelist/year-2015,month-10,starttime-42286.cms"
"http://economictimes.indiatimes.com/archivelist/year-2015,month-10,starttime-42287.cms"
"http://economictimes.indiatimes.com/archivelist/year-2015,month-10,starttime-42288.cms"
"http://economictimes.indiatimes.com/archivelist/year-2015,month-10,starttime-42289.cms"
"http://economictimes.indiatimes.com/archivelist/year-2015,month-10,starttime-42290.cms"
"http://economictimes.indiatimes.com/archivelist/year-2015,month-10,starttime-42291.cms"
"http://economictimes.indiatimes.com/archivelist/year-2015,month-10,starttime-42292.cms"
"http://economictimes.indiatimes.com/archivelist/year-2015,month-10,starttime-42293.cms"
"http://economictimes.indiatimes.com/archivelist/year-2015,month-10,starttime-42294.cms"
"http://economictimes.indiatimes.com/archivelist/year-2015,month-10,starttime-42295.cms"
"http://economictimes.indiatimes.com/archivelist/year-2015,month-10,starttime-42296.cms"
"http://economictimes.indiatimes.com/archivelist/year-2015,month-10,starttime-42297.cms"
"http://economictimes.indiatimes.com/archivelist/year-2015,month-10,starttime-42298.cms"
"http://economictimes.indiatimes.com/archivelist/year-2015,month-10,starttime-42299.cms"
"http://economictimes.indiatimes.com/archivelist/year-2015,month-10,starttime-42300.cms"
"http://economictimes.indiatimes.com/archivelist/year-2015,month-10,starttime-42301.cms"
"http://economictimes.indiatimes.com/archivelist/year-2015,month-10,starttime-42302.cms"
"http://economictimes.indiatimes.com/archivelist/year-2015,month-10,starttime-42303.cms"
"http://economictimes.indiatimes.com/archivelist/year-2015,month-10,starttime-42304.cms"
"http://economictimes.indiatimes.com/archivelist/year-2015,month-10,starttime-42305.cms"
"http://economictimes.indiatimes.com/archivelist/year-2015,month-10,starttime-42306.cms"
"http://economictimes.indiatimes.com/archivelist/year-2015,month-10,starttime-42307.cms"
"http://economictimes.indiatimes.com/archivelist/year-2015,month-10,starttime-42308.cms"
"http://economictimes.indiatimes.com/archivelist/year-2015,month-11,starttime-42309.cms"
"http://economictimes.indiatimes.com/archivelist/year-2015,month-11,starttime-42310.cms"
"http://economictimes.indiatimes.com/archivelist/year-2015,month-11,starttime-42311.cms"
"http://economictimes.indiatimes.com/archivelist/year-2015,month-11,starttime-42312.cms"
"http://economictimes.indiatimes.com/archivelist/year-2015,month-11,starttime-42313.cms"
"http://economictimes.indiatimes.com/archivelist/year-2015,month-11,starttime-42314.cms"
"http://economictimes.indiatimes.com/archivelist/year-2015,month-11,starttime-42315.cms"
"http://economictimes.indiatimes.com/archivelist/year-2015,month-11,starttime-42316.cms"
"http://economictimes.indiatimes.com/archivelist/year-2015,month-11,starttime-42317.cms"
"http://economictimes.indiatimes.com/archivelist/year-2015,month-11,starttime-42318.cms"
"http://economictimes.indiatimes.com/archivelist/year-2015,month-11,starttime-42319.cms"
"http://economictimes.indiatimes.com/archivelist/year-2015,month-11,starttime-42320.cms"
"http://economictimes.indiatimes.com/archivelist/year-2015,month-11,starttime-42321.cms"
"http://economictimes.indiatimes.com/archivelist/year-2015,month-11,starttime-42322.cms"
"http://economictimes.indiatimes.com/archivelist/year-2015,month-11,starttime-42323.cms"
"http://economictimes.indiatimes.com/archivelist/year-2015,month-11,starttime-42324.cms"
"http://economictimes.indiatimes.com/archivelist/year-2015,month-11,starttime-42325.cms"
"http://economictimes.indiatimes.com/archivelist/year-2015,month-11,starttime-42326.cms"
"http://economictimes.indiatimes.com/archivelist/year-2015,month-11,starttime-42327.cms"
"http://economictimes.indiatimes.com/archivelist/year-2015,month-11,starttime-42328.cms"
"http://economictimes.indiatimes.com/archivelist/year-2015,month-11,starttime-42329.cms"
"http://economictimes.indiatimes.com/archivelist/year-2015,month-11,starttime-42330.cms"
"http://economictimes.indiatimes.com/archivelist/year-2015,month-11,starttime-42331.cms"
"http://economictimes.indiatimes.com/archivelist/year-2015,month-11,starttime-42332.cms"
"http://economictimes.indiatimes.com/archivelist/year-2015,month-11,starttime-42333.cms"
"http://economictimes.indiatimes.com/archivelist/year-2015,month-11,starttime-42334.cms"
"http://economictimes.indiatimes.com/archivelist/year-2015,month-11,starttime-42335.cms"
"http://economictimes.indiatimes.com/archivelist/year-2015,month-11,starttime-42336.cms"
"http://economictimes.indiatimes.com/archivelist/year-2015,month-11,starttime-42337.cms"
"http://economictimes.indiatimes.com/archivelist/year-2015,month-11,starttime-42338.cms"
"http://economictimes.indiatimes.com/archivelist/year-2015,month-12,starttime-42339.cms"
"http://economictimes.indiatimes.com/archivelist/year-2015,month-12,starttime-42340.cms"
"http://economictimes.indiatimes.com/archivelist/year-2015,month-12,starttime-42341.cms"
